propertyCode,price,logPrice
33829652,2475.0,7.813995675002791
33596155,2150.0,7.673223121121708
33896876,1950.0,7.575584651557793
31196503,700.0,6.551080335043404
33896540,3000.0,8.006367567650246
33896486,1250.0,7.1308988302963465
33896468,3650.0,8.202482446576537
33896319,3300.0,8.101677747454572
33229363,1000.0,6.907755278982137
33896359,1600.0,7.3777589082278725
33896324,2000.0,7.600902459542082
33896185,1850.0,7.52294091807237
33896238,2700.0,7.90100705199242
33896208,1650.0,7.408530566894626
33896201,2500.0,7.824046010856292
33896104,2000.0,7.600902459542082
33896066,1080.0,6.984716320118266
33896048,1300.0,7.170119543449628
33895903,1200.0,7.090076835776092
33895832,1580.0,7.365180126021013
33895597,1860.0,7.528331766707247
31515929,1280.0,7.154615356913663
33895489,1400.0,7.24422751560335
33895428,1100.0,7.003065458786462
33895366,3200.0,8.070906088787819
33895319,2500.0,7.824046010856292
33895284,3550.0,8.174702882469461
33895243,1580.0,7.365180126021013
33895106,2060.0,7.630461261783627
33895103,2199.0,7.695757990554761
33895102,2290.0,7.736307096548285
33895057,1050.0,6.956545443151569
27801458,850.0,6.745236349484363
33894600,3950.0,8.281470857895167
33894923,1000.0,6.907755278982137
33894895,3550.0,8.174702882469461
33894734,1100.0,7.003065458786462
33855158,1700.0,7.438383530044307
33889503,1800.0,7.495541943884256
33889469,2100.0,7.649692623711514
33889419,1350.0,7.2078598714324755
33889359,2100.0,7.649692623711514
33889267,1500.0,7.313220387090301
33889256,2600.0,7.8632667240095735
33889171,2200.0,7.696212639346407
33889238,900.0,6.802394763324311
33480344,3000.0,8.006367567650246
33889053,1200.0,7.090076835776092
33878795,850.0,6.745236349484363
33888927,890.0,6.7912214627261855
33888955,1300.0,7.170119543449628
33888919,2000.0,7.600902459542082
33887413,2300.0,7.7406644019172415
33888859,1950.0,7.575584651557793
33888890,1950.0,7.575584651557793
33888278,1950.0,7.575584651557793
33888720,3200.0,8.070906088787819
33888498,950.0,6.856461984594587
33888190,1650.0,7.408530566894626
33888132,3200.0,8.070906088787819
33887761,1250.0,7.1308988302963465
33888019,1100.0,7.003065458786462
33887717,3750.0,8.229511118964457
33887863,2100.0,7.649692623711514
33887827,2100.0,7.649692623711514
33887718,3200.0,8.070906088787819
33887338,1380.0,7.22983877815125
33887629,5100.0,8.536995818712418
33882535,1500.0,7.313220387090301
33887453,2650.0,7.882314918980268
32911167,1550.0,7.346010209913293
33887424,1300.0,7.170119543449628
33864908,3200.0,8.070906088787819
33887411,2500.0,7.824046010856292
33887313,1500.0,7.313220387090301
32686359,2500.0,7.824046010856292
33820957,1300.0,7.170119543449628
33887304,1850.0,7.52294091807237
33865062,1200.0,7.090076835776092
33887039,1800.0,7.495541943884256
33886925,7200.0,8.881836305004146
33886829,6500.0,8.779557455883728
33886874,1600.0,7.3777589082278725
33886872,9000.0,9.104979856318357
33881536,1950.0,7.575584651557793
33886856,1850.0,7.52294091807237
33886839,1730.0,7.455876687491824
33886833,1940.0,7.570443252057374
33886832,2050.0,7.6255950721324535
33886831,1510.0,7.31986492980897
33886830,2160.0,7.67786350067821
33886798,1940.0,7.570443252057374
32913777,1600.0,7.3777589082278725
33841020,1300.0,7.170119543449628
33886687,6000.0,8.699514748210191
33885000,2000.0,7.600902459542082
33886326,1400.0,7.24422751560335
31297050,750.0,6.620073206530356
33886311,1550.0,7.346010209913293
33886250,3000.0,8.006367567650246
33886233,6000.0,8.699514748210191
33868612,1100.0,7.003065458786462
33886065,1500.0,7.313220387090301
33886072,1500.0,7.313220387090301
33828785,1600.0,7.3777589082278725
33880005,2700.0,7.90100705199242
33885716,3500.0,8.160518247477505
33885766,1700.0,7.438383530044307
33885718,1300.0,7.170119543449628
32417351,850.0,6.745236349484363
33885573,2300.0,7.7406644019172415
33885540,1100.0,7.003065458786462
30730902,2700.0,7.90100705199242
33885484,1800.0,7.495541943884256
33885394,1150.0,7.047517221357296
33885224,1900.0,7.549609165154532
33885241,1800.0,7.495541943884256
33815610,1450.0,7.27931883541462
33452953,3100.0,8.039157390473237
33885170,1400.0,7.24422751560335
33885103,1200.0,7.090076835776092
33885052,1450.0,7.27931883541462
33884983,2750.0,7.919356190660617
33884911,3100.0,8.039157390473237
33884897,1900.0,7.549609165154532
33884925,1300.0,7.170119543449628
33866457,3500.0,8.160518247477505
33884755,1200.0,7.090076835776092
33881872,10500.0,9.259130536145614
33884658,2780.0,7.930206206684683
33884612,1800.0,7.495541943884256
33884552,1100.0,7.003065458786462
33884381,1400.0,7.24422751560335
33884424,2500.0,7.824046010856292
33075014,1100.0,7.003065458786462
33670959,1400.0,7.24422751560335
33884329,3300.0,8.101677747454572
33440738,1850.0,7.52294091807237
32928980,1400.0,7.24422751560335
32653990,900.0,6.802394763324311
33884029,1700.0,7.438383530044307
33883948,6000.0,8.699514748210191
33883940,1275.0,7.150701457592526
33883896,2300.0,7.7406644019172415
33883837,2083.0,7.641564441260972
29923408,750.0,6.620073206530356
33883609,1900.0,7.549609165154532
33883608,1500.0,7.313220387090301
33851539,1100.0,7.003065458786462
33883581,3300.0,8.101677747454572
33600044,1350.0,7.2078598714324755
33883506,1690.0,7.432483807917119
33883552,3500.0,8.160518247477505
33883467,1690.0,7.432483807917119
33883431,3450.0,8.146129510025405
33883236,1350.0,7.2078598714324755
33883106,2800.0,7.937374696163295
33883135,5000.0,8.517193191416238
33883099,1300.0,7.170119543449628
33862941,1900.0,7.549609165154532
33882987,1250.0,7.1308988302963465
33882965,2200.0,7.696212639346407
33882938,1800.0,7.495541943884256
33624496,1800.0,7.495541943884256
33817686,1900.0,7.549609165154532
33877107,800.0,6.684611727667927
33882643,1500.0,7.313220387090301
33005355,2300.0,7.7406644019172415
33882637,1600.0,7.3777589082278725
33882520,2650.0,7.882314918980268
33882438,1375.0,7.226209010100671
32664225,1320.0,7.1853870155804165
33462701,1900.0,7.549609165154532
33882395,1950.0,7.575584651557793
33882300,1350.0,7.2078598714324755
33774969,1100.0,7.003065458786462
33881687,2750.0,7.919356190660617
33849174,1300.0,7.170119543449628
33882139,3500.0,8.160518247477505
33882127,2500.0,7.824046010856292
33882089,3300.0,8.101677747454572
33881769,3600.0,8.1886891244442
33881992,1950.0,7.575584651557793
33881935,6200.0,8.732304571033183
33881783,2100.0,7.649692623711514
33881869,3701.0,8.216358332386156
33881856,7000.0,8.85366542803745
33881850,5500.0,8.612503371220562
33871363,2100.0,7.649692623711514
33881845,1100.0,7.003065458786462
33881739,1650.0,7.408530566894626
32936262,1800.0,7.495541943884256
33881478,7000.0,8.85366542803745
33881426,1100.0,7.003065458786462
33878077,2600.0,7.8632667240095735
33881319,3500.0,8.160518247477505
33881312,1050.0,6.956545443151569
33773204,1600.0,7.3777589082278725
33881227,1800.0,7.495541943884256
33881216,1600.0,7.3777589082278725
33881081,2250.0,7.718685495198466
33856193,2000.0,7.600902459542082
33869835,4500.0,8.411832675758411
33881023,2250.0,7.718685495198466
33880972,1200.0,7.090076835776092
33880927,4000.0,8.294049640102028
33880859,1650.0,7.408530566894626
33880872,1600.0,7.3777589082278725
33880894,1500.0,7.313220387090301
33880890,2900.0,7.9724660159745655
33880717,2300.0,7.7406644019172415
33880775,1700.0,7.438383530044307
33880771,1950.0,7.575584651557793
33880760,5500.0,8.612503371220562
33880732,1500.0,7.313220387090301
33880728,1400.0,7.24422751560335
33480605,1000.0,6.907755278982137
33880611,1200.0,7.090076835776092
33880590,5100.0,8.536995818712418
33880483,1580.0,7.365180126021013
33841467,1090.0,6.993932975223189
33880414,2500.0,7.824046010856292
33880423,2500.0,7.824046010856292
33880407,1400.0,7.24422751560335
33880398,3200.0,8.070906088787819
33880421,1375.0,7.226209010100671
33880402,1650.0,7.408530566894626
33880362,1450.0,7.27931883541462
33880308,1350.0,7.2078598714324755
33880360,2300.0,7.7406644019172415
33880205,2400.0,7.783224016336037
33880189,5500.0,8.612503371220562
33880193,3000.0,8.006367567650246
33880135,2500.0,7.824046010856292
33880098,1350.0,7.2078598714324755
33880160,1300.0,7.170119543449628
33880054,1350.0,7.2078598714324755
33880006,1300.0,7.170119543449628
33879988,1550.0,7.346010209913293
33879959,1650.0,7.408530566894626
33879955,2100.0,7.649692623711514
33879950,1200.0,7.090076835776092
33879879,1100.0,7.003065458786462
33879855,2600.0,7.8632667240095735
33879918,2000.0,7.600902459542082
33879913,2100.0,7.649692623711514
33879894,1750.0,7.4673710669175595
33879872,2250.0,7.718685495198466
33651431,3500.0,8.160518247477505
33879786,1600.0,7.3777589082278725
33741394,1550.0,7.346010209913293
33879756,1700.0,7.438383530044307
33879745,1990.0,7.595889917718538
33879742,1850.0,7.52294091807237
33879720,3500.0,8.160518247477505
33146928,1021.0,6.928537818164665
32694875,6480.0,8.776475789346321
33879713,1200.0,7.090076835776092
33879712,1050.0,6.956545443151569
33879552,2100.0,7.649692623711514
33879529,2200.0,7.696212639346407
33879526,2100.0,7.649692623711514
33879495,1700.0,7.438383530044307
33879458,1700.0,7.438383530044307
33879472,2500.0,7.824046010856292
33773502,1590.0,7.371489295214277
33728252,4000.0,8.294049640102028
33561923,1950.0,7.575584651557793
33510473,1750.0,7.4673710669175595
33436959,10000.0,9.210340371976184
33879223,1100.0,7.003065458786462
33878308,2350.0,7.762170607138205
31888723,1325.0,7.1891677384203225
33878911,1350.0,7.2078598714324755
33878971,1500.0,7.313220387090301
33878776,2900.0,7.9724660159745655
33878588,1200.0,7.090076835776092
33878575,1980.0,7.590852123688581
33878535,1300.0,7.170119543449628
32890325,1950.0,7.575584651557793
33878508,1600.0,7.3777589082278725
30802540,990.0,6.897704943128636
33878483,4500.0,8.411832675758411
33878459,990.0,6.897704943128636
33878317,2500.0,7.824046010856292
33878316,1850.0,7.52294091807237
33878371,2600.0,7.8632667240095735
33878269,2000.0,7.600902459542082
33878186,2500.0,7.824046010856292
33878171,2350.0,7.762170607138205
33878125,2400.0,7.783224016336037
33843181,17000.0,9.740968623038354
33878071,6000.0,8.699514748210191
33878081,1200.0,7.090076835776092
33843217,4500.0,8.411832675758411
33877936,8000.0,8.987196820661973
31958931,1900.0,7.549609165154532
33877992,2500.0,7.824046010856292
33877942,1300.0,7.170119543449628
33877909,7950.0,8.980927207648378
33494024,1300.0,7.170119543449628
33877869,10000.0,9.210340371976184
33877872,3650.0,8.202482446576537
33877729,1200.0,7.090076835776092
33877840,2000.0,7.600902459542082
33877817,1190.0,7.081708586105575
33877728,950.0,6.856461984594587
33877822,1650.0,7.408530566894626
33877811,2300.0,7.7406644019172415
33824144,2640.0,7.878534196140362
32441733,1450.0,7.27931883541462
33877757,1887.0,7.54274354536855
32853139,8500.0,9.047821442478408
33877659,1600.0,7.3777589082278725
33877653,1150.0,7.047517221357296
33877341,1190.0,7.081708586105575
33877178,1100.0,7.003065458786462
33877180,2500.0,7.824046010856292
33877134,1850.0,7.52294091807237
33877112,2600.0,7.8632667240095735
33558666,2600.0,7.8632667240095735
33876887,2300.0,7.7406644019172415
33876896,4500.0,8.411832675758411
33876942,4500.0,8.411832675758411
33876892,1400.0,7.24422751560335
33828503,1350.0,7.2078598714324755
33811952,1600.0,7.3777589082278725
33861704,600.0,6.396929655216146
33876672,2000.0,7.600902459542082
33875806,2200.0,7.696212639346407
33139912,800.0,6.684611727667927
33876357,7200.0,8.881836305004146
32062561,2200.0,7.696212639346407
32838332,1600.0,7.3777589082278725
33876179,2700.0,7.90100705199242
33876194,2500.0,7.824046010856292
33876159,2500.0,7.824046010856292
33539904,1600.0,7.3777589082278725
33795501,1850.0,7.52294091807237
33255049,1300.0,7.170119543449628
33146670,995.0,6.902742737158593
33043800,2500.0,7.824046010856292
32655880,1500.0,7.313220387090301
32694984,900.0,6.802394763324311
33799206,1980.0,7.590852123688581
28054221,850.0,6.745236349484363
32913735,1050.0,6.956545443151569
33875950,1400.0,7.24422751560335
33875910,4500.0,8.411832675758411
33875897,1400.0,7.24422751560335
33875868,5000.0,8.517193191416238
33875867,2400.0,7.783224016336037
33875872,4200.0,8.34283980427146
33875798,1380.0,7.22983877815125
33875845,1900.0,7.549609165154532
33875841,2000.0,7.600902459542082
31379556,1300.0,7.170119543449628
33854798,1500.0,7.313220387090301
33875741,2750.0,7.919356190660617
33875715,2200.0,7.696212639346407
32139753,1300.0,7.170119543449628
33875640,1250.0,7.1308988302963465
33875570,1300.0,7.170119543449628
33875555,6000.0,8.699514748210191
33875551,1250.0,7.1308988302963465
33875125,990.0,6.897704943128636
33875029,1650.0,7.408530566894626
33874944,1300.0,7.170119543449628
33874882,1800.0,7.495541943884256
33874871,4500.0,8.411832675758411
33874855,1900.0,7.549609165154532
33874837,1150.0,7.047517221357296
33809051,2300.0,7.7406644019172415
33874798,1350.0,7.2078598714324755
33874757,2300.0,7.7406644019172415
33874678,1300.0,7.170119543449628
33874572,2450.0,7.803843303538772
33874397,2500.0,7.824046010856292
33874455,5500.0,8.612503371220562
33874437,1200.0,7.090076835776092
33874063,3950.0,8.281470857895167
33873909,1100.0,7.003065458786462
33873943,1950.0,7.575584651557793
33873930,7500.0,8.922658299524402
33873837,1400.0,7.24422751560335
33873813,1750.0,7.4673710669175595
33873778,1290.0,7.162397497355718
33873797,1150.0,7.047517221357296
33873796,1450.0,7.27931883541462
33873574,2850.0,7.955074273262696
33869541,4200.0,8.34283980427146
33873631,6000.0,8.699514748210191
33873616,1050.0,6.956545443151569
33873606,2500.0,7.824046010856292
33873585,1208.0,7.0967213784947605
33873584,990.0,6.897704943128636
33873583,1090.0,6.993932975223189
33873581,1391.0,7.237778191923443
33873528,1750.0,7.4673710669175595
33873522,1274.0,7.149916836132109
33873519,6000.0,8.699514748210191
33873516,5000.0,8.517193191416238
33873513,8000.0,8.987196820661973
33873511,5000.0,8.517193191416238
33873510,3800.0,8.242756345714477
33873509,2800.0,7.937374696163295
33873508,3800.0,8.242756345714477
33873507,5000.0,8.517193191416238
33873506,4800.0,8.476371196895983
33873505,3700.0,8.216088098632316
33873504,3000.0,8.006367567650246
33873500,3700.0,8.216088098632316
33873494,2600.0,7.8632667240095735
33873493,2800.0,7.937374696163295
33873484,2200.0,7.696212639346407
33873482,1250.0,7.1308988302963465
33873461,2900.0,7.9724660159745655
33873460,3700.0,8.216088098632316
33873440,1750.0,7.4673710669175595
33873328,6910.0,8.840724916761715
33873378,1150.0,7.047517221357296
33873336,1900.0,7.549609165154532
33862013,2000.0,7.600902459542082
33724915,1500.0,7.313220387090301
33873281,1700.0,7.438383530044307
33873244,1300.0,7.170119543449628
33873238,1800.0,7.495541943884256
33873212,2200.0,7.696212639346407
33873154,1200.0,7.090076835776092
33873131,1200.0,7.090076835776092
33873024,2800.0,7.937374696163295
33873020,1650.0,7.408530566894626
31884771,1000.0,6.907755278982137
33872677,2100.0,7.649692623711514
33872665,1590.0,7.371489295214277
33872628,1150.0,7.047517221357296
33872624,2000.0,7.600902459542082
33872620,2500.0,7.824046010856292
33872611,4500.0,8.411832675758411
33872353,1400.0,7.24422751560335
33872202,1200.0,7.090076835776092
33872082,1200.0,7.090076835776092
33872022,1750.0,7.4673710669175595
33871928,3800.0,8.242756345714477
33871922,1395.0,7.240649694255466
33871876,1400.0,7.24422751560335
33871828,18500.0,9.825526011066415
33871358,1000.0,6.907755278982137
33871839,2150.0,7.673223121121708
33871721,2000.0,7.600902459542082
33871696,1950.0,7.575584651557793
33562311,1250.0,7.1308988302963465
33871256,2600.0,7.8632667240095735
33871250,2400.0,7.783224016336037
33871130,1050.0,6.956545443151569
33870944,1900.0,7.549609165154532
33870798,1600.0,7.3777589082278725
33870657,25000.0,10.126631103850338
33870837,1700.0,7.438383530044307
33870881,2150.0,7.673223121121708
33870769,1295.0,7.166265974133638
33870751,6000.0,8.699514748210191
33870749,2900.0,7.9724660159745655
33855125,2126.0,7.661997558901893
33870736,1314.0,7.1808311990445555
33870722,1850.0,7.52294091807237
33870659,2000.0,7.600902459542082
33870579,1600.0,7.3777589082278725
33870477,948.0,6.854354502255021
33870466,1740.0,7.461640392208575
33086546,3200.0,8.070906088787819
33870458,1950.0,7.575584651557793
33046207,1500.0,7.313220387090301
33870214,900.0,6.802394763324311
33754587,1800.0,7.495541943884256
33863664,2000.0,7.600902459542082
33869754,1390.0,7.237059026124737
33847114,4750.0,8.465899897028686
33869743,2750.0,7.919356190660617
33869641,4100.0,8.318742252692399
33869525,2750.0,7.919356190660617
33869515,1700.0,7.438383530044307
33869492,1150.0,7.047517221357296
33869463,1950.0,7.575584651557793
33869393,4500.0,8.411832675758411
33869303,2250.0,7.718685495198466
33859762,15000.0,9.615805480084347
33869209,1500.0,7.313220387090301
32678569,1800.0,7.495541943884256
32695012,3300.0,8.101677747454572
33836935,1600.0,7.3777589082278725
33869128,1350.0,7.2078598714324755
33254103,1500.0,7.313220387090301
33869060,1500.0,7.313220387090301
33868988,2400.0,7.783224016336037
33868681,2100.0,7.649692623711514
33868721,1375.0,7.226209010100671
33868691,1250.0,7.1308988302963465
33868704,3000.0,8.006367567650246
33868680,2950.0,7.989560449333865
33868627,1400.0,7.24422751560335
33868624,1200.0,7.090076835776092
33868601,780.0,6.659293919683638
33868592,3210.0,8.07402621612406
33868555,1005.0,6.912742820493176
33868552,6910.0,8.840724916761715
33868451,1750.0,7.4673710669175595
33868413,1900.0,7.549609165154532
33868262,6500.0,8.779557455883728
33868136,1400.0,7.24422751560335
33868126,1900.0,7.549609165154532
33868157,2500.0,7.824046010856292
33868154,2400.0,7.783224016336037
33868151,1200.0,7.090076835776092
33868147,1600.0,7.3777589082278725
33868051,3000.0,8.006367567650246
33868007,2000.0,7.600902459542082
33868025,1500.0,7.313220387090301
33867924,1100.0,7.003065458786462
33867901,1200.0,7.090076835776092
33867842,1115.0,7.016609683894219
33867824,1400.0,7.24422751560335
33867810,1350.0,7.2078598714324755
33867803,2800.0,7.937374696163295
33867545,2250.0,7.718685495198466
33867541,1800.0,7.495541943884256
33867485,1350.0,7.2078598714324755
33867426,3200.0,8.070906088787819
33867435,2000.0,7.600902459542082
33867381,1650.0,7.408530566894626
33755395,2800.0,7.937374696163295
33867128,3700.0,8.216088098632316
33867101,1400.0,7.24422751560335
33867006,1438.0,7.271008538280992
33867005,2092.0,7.645875825184813
33867003,1950.0,7.575584651557793
33867002,1750.0,7.4673710669175595
33866958,6000.0,8.699514748210191
33866954,4200.0,8.34283980427146
33866951,2813.0,7.9420068084898565
33866947,4000.0,8.294049640102028
33866946,7000.0,8.85366542803745
33866925,7000.0,8.85366542803745
33866899,3500.0,8.160518247477505
33866897,3800.0,8.242756345714477
33866879,4200.0,8.34283980427146
33866878,3567.0,8.17948018535889
33866842,1450.0,7.27931883541462
33866812,1800.0,7.495541943884256
33866754,1650.0,7.408530566894626
33866708,1750.0,7.4673710669175595
33866699,3000.0,8.006367567650246
33854468,1500.0,7.313220387090301
33866545,6000.0,8.699514748210191
33866479,3000.0,8.006367567650246
33866441,1290.0,7.162397497355718
33866440,2100.0,7.649692623711514
33866281,1700.0,7.438383530044307
33866294,8000.0,8.987196820661973
33680664,3800.0,8.242756345714477
33866105,3000.0,8.006367567650246
33866091,2200.0,7.696212639346407
33865999,3500.0,8.160518247477505
33865847,900.0,6.802394763324311
33865860,2400.0,7.783224016336037
33865845,1650.0,7.408530566894626
33865795,1300.0,7.170119543449628
33865718,900.0,6.802394763324311
33865702,1200.0,7.090076835776092
33865553,2400.0,7.783224016336037
33865454,1900.0,7.549609165154532
33865358,1900.0,7.549609165154532
33865274,900.0,6.802394763324311
33865263,1600.0,7.3777589082278725
33865181,2450.0,7.803843303538772
33865114,1600.0,7.3777589082278725
33865085,1500.0,7.313220387090301
33865081,1600.0,7.3777589082278725
33865020,2900.0,7.9724660159745655
33051618,2700.0,7.90100705199242
33051616,2700.0,7.90100705199242
33051615,2700.0,7.90100705199242
32762680,3000.0,8.006367567650246
33051613,2700.0,7.90100705199242
32695057,3000.0,8.006367567650246
33864982,1350.0,7.2078598714324755
33864918,2600.0,7.8632667240095735
33864933,2700.0,7.90100705199242
33267940,1500.0,7.313220387090301
28894111,1250.0,7.1308988302963465
33864802,2150.0,7.673223121121708
33864720,1650.0,7.408530566894626
32921091,1050.0,6.956545443151569
33864603,1350.0,7.2078598714324755
32870910,1550.0,7.346010209913293
33864460,3000.0,8.006367567650246
33864292,2800.0,7.937374696163295
33864356,1500.0,7.313220387090301
33864303,2800.0,7.937374696163295
33842707,1400.0,7.24422751560335
33864126,3200.0,8.070906088787819
33864090,2900.0,7.9724660159745655
33863895,1730.0,7.455876687491824
33863894,2510.0,7.828038032125829
33863954,2099.0,7.649216319820633
33863952,1300.0,7.170119543449628
33863930,1700.0,7.438383530044307
33863927,4200.0,8.34283980427146
33863925,1550.0,7.346010209913293
33863922,1250.0,7.1308988302963465
33863875,3990.0,8.29154650988391
33863890,2495.0,7.822044008185619
33861926,3200.0,8.070906088787819
33863687,1900.0,7.549609165154532
33784025,1700.0,7.438383530044307
32414236,1600.0,7.3777589082278725
33853450,1200.0,7.090076835776092
33848176,1800.0,7.495541943884256
33843150,2000.0,7.600902459542082
33850909,1350.0,7.2078598714324755
33843142,885.0,6.785587645007929
33277727,1870.0,7.533693709848633
33863365,1700.0,7.438383530044307
33485775,2150.0,7.673223121121708
33863134,2100.0,7.649692623711514
33863150,1800.0,7.495541943884256
33857329,1300.0,7.170119543449628
33508292,1250.0,7.1308988302963465
33861289,4000.0,8.294049640102028
33862801,2750.0,7.919356190660617
31589059,2900.0,7.9724660159745655
33862610,3000.0,8.006367567650246
33862594,2600.0,7.8632667240095735
33862590,8500.0,9.047821442478408
33862099,1600.0,7.3777589082278725
33862553,1900.0,7.549609165154532
33862560,6500.0,8.779557455883728
33862417,4950.0,8.507142855562735
33862414,1400.0,7.24422751560335
33784946,1850.0,7.52294091807237
33845169,2200.0,7.696212639346407
33862115,1800.0,7.495541943884256
33862149,4200.0,8.34283980427146
33862144,2250.0,7.718685495198466
33862140,8500.0,9.047821442478408
33862087,1350.0,7.2078598714324755
33451163,1850.0,7.52294091807237
33440137,1300.0,7.170119543449628
33861702,1950.0,7.575584651557793
33860232,2200.0,7.696212639346407
33861525,1600.0,7.3777589082278725
33861524,1000.0,6.907755278982137
33861376,2675.0,7.891704659330107
33861288,7000.0,8.85366542803745
33488995,1200.0,7.090076835776092
33861184,1550.0,7.346010209913293
33861174,1150.0,7.047517221357296
33861104,900.0,6.802394763324311
33860934,1600.0,7.3777589082278725
33860800,4500.0,8.411832675758411
33860768,4500.0,8.411832675758411
33860810,2500.0,7.824046010856292
33860735,950.0,6.856461984594587
33860715,1650.0,7.408530566894626
33860713,2350.0,7.762170607138205
33860448,1326.0,7.189922170745808
33860472,1800.0,7.495541943884256
33860229,1700.0,7.438383530044307
33860076,1750.0,7.4673710669175595
33848930,2100.0,7.649692623711514
33860034,4000.0,8.294049640102028
33860031,4400.0,8.389359819906353
33860029,4500.0,8.411832675758411
33857908,1000.0,6.907755278982137
33859706,1300.0,7.170119543449628
33859368,3000.0,8.006367567650246
33859884,4500.0,8.411832675758411
33859842,5750.0,8.656955133791396
33859828,2200.0,7.696212639346407
33859789,2300.0,7.7406644019172415
33859797,4000.0,8.294049640102028
33859497,2250.0,7.718685495198466
33567392,4500.0,8.411832675758411
33843113,1125.0,7.025538314638521
33118079,1450.0,7.27931883541462
33859413,1400.0,7.24422751560335
33859430,2050.0,7.6255950721324535
33451195,950.0,6.856461984594587
33284994,950.0,6.856461984594587
33859041,1750.0,7.4673710669175595
33859040,2750.0,7.919356190660617
32569220,1450.0,7.27931883541462
33858922,1400.0,7.24422751560335
33858877,1450.0,7.27931883541462
33858802,3000.0,8.006367567650246
33858761,2200.0,7.696212639346407
32247153,1500.0,7.313220387090301
33858684,3750.0,8.229511118964457
33858573,2600.0,7.8632667240095735
33858534,4500.0,8.411832675758411
30676317,2100.0,7.649692623711514
33858446,1375.0,7.226209010100671
33857884,11500.0,9.350102314351341
32240365,1200.0,7.090076835776092
33858334,1600.0,7.3777589082278725
32693244,5500.0,8.612503371220562
33858238,1500.0,7.313220387090301
32367972,4100.0,8.318742252692399
32124861,1000.0,6.907755278982137
33858144,1600.0,7.3777589082278725
33858019,2550.0,7.843848638152472
33858016,2400.0,7.783224016336037
33857958,2300.0,7.7406644019172415
33858024,2500.0,7.824046010856292
33856124,2700.0,7.90100705199242
33857858,5750.0,8.656955133791396
33857970,2800.0,7.937374696163295
33855220,1052.0,6.9584483932976555
33857897,1250.0,7.1308988302963465
33857879,10000.0,9.210340371976184
33857873,2000.0,7.600902459542082
33857773,1190.0,7.081708586105575
33857763,1250.0,7.1308988302963465
33857759,1250.0,7.1308988302963465
33857734,1290.0,7.162397497355718
33857689,1750.0,7.4673710669175595
33857710,1340.0,7.200424892944957
33857603,1500.0,7.313220387090301
33857562,1250.0,7.1308988302963465
33857492,1900.0,7.549609165154532
33857268,1250.0,7.1308988302963465
33857276,2600.0,7.8632667240095735
33857270,2200.0,7.696212639346407
33856948,1125.0,7.025538314638521
33851434,1500.0,7.313220387090301
33832381,1000.0,6.907755278982137
33856882,2000.0,7.600902459542082
33856876,2100.0,7.649692623711514
33578759,2200.0,7.696212639346407
33043488,1200.0,7.090076835776092
33856845,1550.0,7.346010209913293
33856811,10000.0,9.210340371976184
33856797,1900.0,7.549609165154532
33856597,1800.0,7.495541943884256
33856438,7500.0,8.922658299524402
33856326,2400.0,7.783224016336037
30607204,1150.0,7.047517221357296
33856265,2700.0,7.90100705199242
33856079,2390.0,7.779048644925556
33198365,9000.0,9.104979856318357
33855935,1400.0,7.24422751560335
33855931,1050.0,6.956545443151569
33855788,2200.0,7.696212639346407
33855900,2100.0,7.649692623711514
33855168,17000.0,9.740968623038354
33855753,2100.0,7.649692623711514
33855591,1500.0,7.313220387090301
29842517,1390.0,7.237059026124737
33854821,2600.0,7.8632667240095735
33850294,4500.0,8.411832675758411
33850320,3400.0,8.131530710604252
33850310,2200.0,7.696212639346407
33850282,2400.0,7.783224016336037
33850284,2300.0,7.7406644019172415
33850329,3500.0,8.160518247477505
33850457,1750.0,7.4673710669175595
33850523,3900.0,8.268731832117737
33850538,3900.0,8.268731832117737
33850577,2300.0,7.7406644019172415
33851989,2000.0,7.600902459542082
33850157,2800.0,7.937374696163295
33850155,3800.0,8.242756345714477
33851209,3460.0,8.14902386805177
33855434,1775.0,7.4815557019095165
33204200,2750.0,7.919356190660617
33855420,2750.0,7.919356190660617
33837517,5500.0,8.612503371220562
33855282,1300.0,7.170119543449628
33855328,1950.0,7.575584651557793
33855332,1100.0,7.003065458786462
33855175,3300.0,8.101677747454572
33855163,4200.0,8.34283980427146
33855161,4224.0,8.348537825386098
33855157,6000.0,8.699514748210191
33855150,2083.0,7.641564441260972
33855147,1800.0,7.495541943884256
33855127,9000.0,9.104979856318357
33855113,1350.0,7.2078598714324755
33855111,2290.0,7.736307096548285
33855087,1850.0,7.52294091807237
33855078,1450.0,7.27931883541462
33855074,3200.0,8.070906088787819
33855067,1202.0,7.091742115095153
33855059,2280.0,7.731930721948486
33855058,2100.0,7.649692623711514
33855049,2500.0,7.824046010856292
33854922,1050.0,6.956545443151569
33854896,1890.0,7.5443321080536885
33854873,1400.0,7.24422751560335
33648321,1650.0,7.408530566894626
33854647,1350.0,7.2078598714324755
33854585,1100.0,7.003065458786462
33854548,1700.0,7.438383530044307
33854461,1190.0,7.081708586105575
33854525,3800.0,8.242756345714477
33854511,1150.0,7.047517221357296
33854000,2000.0,7.600902459542082
33854385,1290.0,7.162397497355718
33854333,1300.0,7.170119543449628
33854283,1700.0,7.438383530044307
33854257,750.0,6.620073206530356
33852243,5600.0,8.630521876723241
33854217,3650.0,8.202482446576537
32448453,1600.0,7.3777589082278725
33854196,3600.0,8.1886891244442
32591654,1000.0,6.907755278982137
33853811,3000.0,8.006367567650246
33853547,1590.0,7.371489295214277
33853535,1700.0,7.438383530044307
33853530,900.0,6.802394763324311
33559766,1250.0,7.1308988302963465
33853323,1900.0,7.549609165154532
33852217,1800.0,7.495541943884256
33853055,4350.0,8.37793112408273
33853002,1200.0,7.090076835776092
33852855,1500.0,7.313220387090301
33852883,1980.0,7.590852123688581
33848883,2100.0,7.649692623711514
33770436,2470.0,7.8119734296220225
33852638,1400.0,7.24422751560335
27044132,1100.0,7.003065458786462
33852534,2000.0,7.600902459542082
33852327,1480.0,7.299797366758161
33852209,2000.0,7.600902459542082
33852150,4300.0,8.366370301681654
33852141,3500.0,8.160518247477505
33852039,1800.0,7.495541943884256
33851949,3750.0,8.229511118964457
33851941,2000.0,7.600902459542082
33852008,2800.0,7.937374696163295
33851747,1150.0,7.047517221357296
33851640,3500.0,8.160518247477505
33220470,1500.0,7.313220387090301
33851573,2800.0,7.937374696163295
33851512,1100.0,7.003065458786462
33851317,1750.0,7.4673710669175595
33851383,1800.0,7.495541943884256
33851372,1350.0,7.2078598714324755
32480431,1800.0,7.495541943884256
33851344,2350.0,7.762170607138205
33851127,4750.0,8.465899897028686
33851135,10000.0,9.210340371976184
33851133,3450.0,8.146129510025405
33851131,1200.0,7.090076835776092
33851115,4800.0,8.476371196895983
33851097,2100.0,7.649692623711514
33851092,7000.0,8.85366542803745
33851051,2900.0,7.9724660159745655
33850971,2600.0,7.8632667240095735
33850934,1600.0,7.3777589082278725
33850940,3500.0,8.160518247477505
33850819,2950.0,7.989560449333865
33850821,2500.0,7.824046010856292
33851150,2300.0,7.7406644019172415
33850675,900.0,6.802394763324311
33850617,1800.0,7.495541943884256
33253117,1750.0,7.4673710669175595
31849264,1800.0,7.495541943884256
33850513,1900.0,7.549609165154532
33850144,4500.0,8.411832675758411
33849829,1450.0,7.27931883541462
33849779,1455.0,7.282761179605593
33849707,2600.0,7.8632667240095735
33849705,1950.0,7.575584651557793
31751080,1950.0,7.575584651557793
33849449,3000.0,8.006367567650246
33849445,4000.0,8.294049640102028
33849408,2100.0,7.649692623711514
33849347,1980.0,7.590852123688581
33849241,1428.0,7.2640301428995295
33849084,1880.0,7.539027055823995
33848961,4000.0,8.294049640102028
33848937,3900.0,8.268731832117737
33848869,5000.0,8.517193191416238
33848786,1900.0,7.549609165154532
33848785,2500.0,7.824046010856292
33848719,2475.0,7.813995675002791
31645127,1950.0,7.575584651557793
33848612,1100.0,7.003065458786462
33699500,1230.0,7.114769448366463
33848561,1650.0,7.408530566894626
33848288,4250.0,8.354674261918463
33516447,5300.0,8.575462099540212
33756689,1200.0,7.090076835776092
33848181,2950.0,7.989560449333865
33848088,2750.0,7.919356190660617
32695023,2600.0,7.8632667240095735
33843851,2000.0,7.600902459542082
33723088,1700.0,7.438383530044307
33820908,6800.0,8.824677891164198
33847923,2475.0,7.813995675002791
33847876,1740.0,7.461640392208575
33754000,1680.0,7.426549072397305
33847761,1700.0,7.438383530044307
33847691,2100.0,7.649692623711514
33847579,3700.0,8.216088098632316
33847563,1650.0,7.408530566894626
33847530,1500.0,7.313220387090301
33847459,1300.0,7.170119543449628
33847437,1250.0,7.1308988302963465
33847221,1900.0,7.549609165154532
33837577,2000.0,7.600902459542082
33847194,1750.0,7.4673710669175595
33847071,2400.0,7.783224016336037
33847074,2600.0,7.8632667240095735
33847072,2250.0,7.718685495198466
33847052,2100.0,7.649692623711514
33837186,1150.0,7.047517221357296
33846552,1590.0,7.371489295214277
33846277,10500.0,9.259130536145614
33846949,1700.0,7.438383530044307
33846933,1450.0,7.27931883541462
33829534,2200.0,7.696212639346407
33578437,6000.0,8.699514748210191
33846641,1600.0,7.3777589082278725
33846616,2500.0,7.824046010856292
33846151,1200.0,7.090076835776092
33846543,1650.0,7.408530566894626
33846384,2000.0,7.600902459542082
33846184,1200.0,7.090076835776092
33846108,5750.0,8.656955133791396
33846076,1800.0,7.495541943884256
33846058,5500.0,8.612503371220562
33845845,1200.0,7.090076835776092
33845871,1350.0,7.2078598714324755
33845781,2400.0,7.783224016336037
33845753,1100.0,7.003065458786462
33191634,2200.0,7.696212639346407
33845618,3900.0,8.268731832117737
33845599,1450.0,7.27931883541462
33845539,1500.0,7.313220387090301
33845550,1750.0,7.4673710669175595
33845409,3500.0,8.160518247477505
32606199,1300.0,7.170119543449628
33473510,1900.0,7.549609165154532
33845110,2700.0,7.90100705199242
32940743,1900.0,7.549609165154532
33844961,2100.0,7.649692623711514
33844884,1400.0,7.24422751560335
33844824,2000.0,7.600902459542082
33844760,2000.0,7.600902459542082
33844669,2200.0,7.696212639346407
33844451,1350.0,7.2078598714324755
33844395,1100.0,7.003065458786462
33844354,2000.0,7.600902459542082
33844340,1200.0,7.090076835776092
33844227,1400.0,7.24422751560335
33844158,1550.0,7.346010209913293
33844004,1600.0,7.3777589082278725
33843157,1685.0,7.429520842786462
33358829,2500.0,7.824046010856292
33843829,1800.0,7.495541943884256
33843893,2250.0,7.718685495198466
33843824,2800.0,7.937374696163295
33843875,2900.0,7.9724660159745655
33843312,1450.0,7.27931883541462
33843820,2350.0,7.762170607138205
33843805,1400.0,7.24422751560335
33843708,1300.0,7.170119543449628
33843662,1830.0,7.512071245835466
33755402,2000.0,7.600902459542082
33843593,2500.0,7.824046010856292
33843543,1350.0,7.2078598714324755
33843529,1670.0,7.4205789054108005
33843525,950.0,6.856461984594587
33843532,3750.0,8.229511118964457
33843382,2800.0,7.937374696163295
33791384,6800.0,8.824677891164198
33793948,1200.0,7.090076835776092
33843172,4900.0,8.496990484098719
33842956,1550.0,7.346010209913293
33842971,2000.0,7.600902459542082
32721992,2500.0,7.824046010856292
33842831,2300.0,7.7406644019172415
33781028,10000.0,9.210340371976184
33842667,1700.0,7.438383530044307
33842523,3900.0,8.268731832117737
33842331,1935.0,7.5678626054638825
33842003,2700.0,7.90100705199242
33842296,1800.0,7.495541943884256
33842110,2000.0,7.600902459542082
33842015,1950.0,7.575584651557793
33842041,4250.0,8.354674261918463
33841983,1800.0,7.495541943884256
32265990,9500.0,9.159047077588632
33841929,2100.0,7.649692623711514
33841953,1550.0,7.346010209913293
33818215,1500.0,7.313220387090301
33841842,1850.0,7.52294091807237
32951435,2000.0,7.600902459542082
33841403,2250.0,7.718685495198466
33826197,7000.0,8.85366542803745
33831991,10100.0,9.22029070282935
33841584,1700.0,7.438383530044307
33841583,2999.0,8.00603417874901
33841420,1800.0,7.495541943884256
33841256,1100.0,7.003065458786462
33840171,1750.0,7.4673710669175595
33841179,1400.0,7.24422751560335
33841125,2400.0,7.783224016336037
33841004,2100.0,7.649692623711514
33840958,1400.0,7.24422751560335
33840954,1690.0,7.432483807917119
33840716,1650.0,7.408530566894626
33840533,1650.0,7.408530566894626
33840339,4000.0,8.294049640102028
32284638,3200.0,8.070906088787819
33840094,1500.0,7.313220387090301
33840070,2450.0,7.803843303538772
33840064,1300.0,7.170119543449628
33840032,1150.0,7.047517221357296
33839976,2150.0,7.673223121121708
33200898,1550.0,7.346010209913293
33839927,2000.0,7.600902459542082
33839912,2000.0,7.600902459542082
33839921,1600.0,7.3777589082278725
33836985,5700.0,8.648221453822641
33839831,1700.0,7.438383530044307
33839747,2100.0,7.649692623711514
33839716,3100.0,8.039157390473237
33839545,1750.0,7.4673710669175595
33691219,8500.0,9.047821442478408
33657960,8500.0,9.047821442478408
33839244,2900.0,7.9724660159745655
33839237,1450.0,7.27931883541462
33839221,3250.0,8.086410275323782
33839189,1700.0,7.438383530044307
33839144,1190.0,7.081708586105575
33839040,1700.0,7.438383530044307
33839011,4000.0,8.294049640102028
33838693,1300.0,7.170119543449628
33838406,3500.0,8.160518247477505
33838311,2400.0,7.783224016336037
33657961,12500.0,9.433483923290392
33838241,2750.0,7.919356190660617
32655950,1200.0,7.090076835776092
33324753,1050.0,6.956545443151569
33838020,4500.0,8.411832675758411
33556698,1100.0,7.003065458786462
33837910,1250.0,7.1308988302963465
33837819,1300.0,7.170119543449628
33837790,1700.0,7.438383530044307
33837706,1600.0,7.3777589082278725
33834285,850.0,6.745236349484363
33837423,1200.0,7.090076835776092
33837354,2000.0,7.600902459542082
33822628,3900.0,8.268731832117737
33837255,2800.0,7.937374696163295
33827105,2000.0,7.600902459542082
33837153,1980.0,7.590852123688581
33239345,1700.0,7.438383530044307
33837071,2400.0,7.783224016336037
33786497,2950.0,7.989560449333865
32395534,1800.0,7.495541943884256
33836753,1730.0,7.455876687491824
33836617,2600.0,7.8632667240095735
33836732,2000.0,7.600902459542082
33836614,1600.0,7.3777589082278725
33836454,6000.0,8.699514748210191
33836365,2500.0,7.824046010856292
33810546,5500.0,8.612503371220562
33832056,2500.0,7.824046010856292
33832049,3300.0,8.101677747454572
33833951,3500.0,8.160518247477505
33834001,1750.0,7.4673710669175595
33833771,2200.0,7.696212639346407
33833737,1700.0,7.438383530044307
33833693,1300.0,7.170119543449628
33833701,1700.0,7.438383530044307
33833362,1400.0,7.24422751560335
33831891,1500.0,7.313220387090301
33831978,1500.0,7.313220387090301
33832134,1900.0,7.549609165154532
33832393,2100.0,7.649692623711514
33818800,2100.0,7.649692623711514
33833428,1150.0,7.047517221357296
33833441,7700.0,8.948975607841776
33833391,2000.0,7.600902459542082
33833275,2850.0,7.955074273262696
33833210,1300.0,7.170119543449628
33833194,1500.0,7.313220387090301
33833190,1800.0,7.495541943884256
33833042,1950.0,7.575584651557793
33832994,7000.0,8.85366542803745
33832992,5000.0,8.517193191416238
33833000,4500.0,8.411832675758411
33832742,2500.0,7.824046010856292
33832887,1350.0,7.2078598714324755
33832837,1100.0,7.003065458786462
33832833,2000.0,7.600902459542082
33832784,2900.0,7.9724660159745655
33832767,2000.0,7.600902459542082
32646817,2200.0,7.696212639346407
33832386,3600.0,8.1886891244442
33832412,2100.0,7.649692623711514
33832273,1350.0,7.2078598714324755
33736538,1750.0,7.4673710669175595
33832143,1795.0,7.492760300922379
33832010,1000.0,6.907755278982137
33825739,4000.0,8.294049640102028
33818053,1350.0,7.2078598714324755
33810015,1400.0,7.24422751560335
33815375,1520.0,7.326465613840322
33810033,1800.0,7.495541943884256
33805403,1950.0,7.575584651557793
33805402,1300.0,7.170119543449628
33805400,2500.0,7.824046010856292
33781711,1550.0,7.346010209913293
33830343,5500.0,8.612503371220562
33764768,1280.0,7.154615356913663
33764762,1800.0,7.495541943884256
33767755,3000.0,8.006367567650246
33740109,3000.0,8.006367567650246
33764760,900.0,6.802394763324311
33734327,1400.0,7.24422751560335
33750418,990.0,6.897704943128636
33740100,1500.0,7.313220387090301
33740079,1500.0,7.313220387090301
33746091,1500.0,7.313220387090301
33727682,1700.0,7.438383530044307
33805358,2100.0,7.649692623711514
33713679,2970.0,7.996317231796746
33711175,1600.0,7.3777589082278725
33693622,1400.0,7.24422751560335
33688115,1740.0,7.461640392208575
33675877,3250.0,8.086410275323782
33670391,3500.0,8.160518247477505
33673156,1800.0,7.495541943884256
33665310,1800.0,7.495541943884256
33655306,3500.0,8.160518247477505
33650997,1750.0,7.4673710669175595
33648974,2500.0,7.824046010856292
33632820,2000.0,7.600902459542082
33618046,1200.0,7.090076835776092
33605463,2700.0,7.90100705199242
33603460,1550.0,7.346010209913293
33590479,2200.0,7.696212639346407
33569316,1300.0,7.170119543449628
33559820,2500.0,7.824046010856292
33529801,2280.0,7.731930721948486
33529800,1750.0,7.4673710669175595
33529779,2250.0,7.718685495198466
33520975,1750.0,7.4673710669175595
33504478,1250.0,7.1308988302963465
33632814,1500.0,7.313220387090301
33512684,2100.0,7.649692623711514
33470795,2352.0,7.763021309018518
33424508,2160.0,7.67786350067821
33424459,1300.0,7.170119543449628
33418372,2160.0,7.67786350067821
33410494,2400.0,7.783224016336037
33695810,1600.0,7.3777589082278725
33372933,2340.0,7.757906208351747
33324757,1600.0,7.3777589082278725
33322256,1300.0,7.170119543449628
33283236,1550.0,7.346010209913293
33222398,1200.0,7.090076835776092
33199758,1200.0,7.090076835776092
33176306,1620.0,7.3901814282264295
33746089,1200.0,7.090076835776092
33746087,2300.0,7.7406644019172415
33746086,1400.0,7.24422751560335
33147128,1730.0,7.455876687491824
33176303,2160.0,7.67786350067821
33147136,2160.0,7.67786350067821
33147132,2160.0,7.67786350067821
33147131,2160.0,7.67786350067821
33147075,1650.0,7.408530566894626
33191635,1800.0,7.495541943884256
33173612,1000.0,6.907755278982137
33191631,3000.0,8.006367567650246
33195680,1700.0,7.438383530044307
33191629,1400.0,7.24422751560335
33191628,2800.0,7.937374696163295
33191627,1700.0,7.438383530044307
33191626,2500.0,7.824046010856292
33232792,1800.0,7.495541943884256
33191625,2500.0,7.824046010856292
33191622,2000.0,7.600902459542082
33191620,2000.0,7.600902459542082
33191621,2000.0,7.600902459542082
33191607,2000.0,7.600902459542082
33191606,2000.0,7.600902459542082
33191605,2000.0,7.600902459542082
33147053,2500.0,7.824046010856292
33083103,1600.0,7.3777589082278725
33147029,1450.0,7.27931883541462
33147028,1550.0,7.346010209913293
33146813,1900.0,7.549609165154532
33051745,4350.0,8.37793112408273
33051744,1590.0,7.371489295214277
33039245,1500.0,7.313220387090301
33146794,3314.0,8.105911197986508
33146793,3314.0,8.105911197986508
33039239,950.0,6.856461984594587
33146781,1950.0,7.575584651557793
33051715,1665.0,7.417580402414544
33046214,1500.0,7.313220387090301
33033517,1000.0,6.907755278982137
33051695,1250.0,7.1308988302963465
33102031,1600.0,7.3777589082278725
32984301,1870.0,7.533693709848633
32990213,5000.0,8.517193191416238
33051654,1240.0,7.122866658599083
32852769,1450.0,7.27931883541462
32989414,1950.0,7.575584651557793
32983740,1500.0,7.313220387090301
32792507,2500.0,7.824046010856292
32762756,1559.0,7.351799869057777
32762755,2185.0,7.68937110752969
32738066,2500.0,7.824046010856292
32767886,1500.0,7.313220387090301
32669125,2050.0,7.6255950721324535
32669124,1850.0,7.52294091807237
32738057,1000.0,6.907755278982137
32695622,3250.0,8.086410275323782
33296200,1050.0,6.956545443151569
32738049,1350.0,7.2078598714324755
32695597,2950.0,7.989560449333865
33051640,2600.0,7.8632667240095735
32695468,2915.0,7.977625098784593
32695467,1925.0,7.562681246721884
33046208,1200.0,7.090076835776092
33146692,1195.0,7.085901464365611
32989410,2700.0,7.90100705199242
32989399,2590.0,7.859413154693583
32989398,2160.0,7.67786350067821
33831863,1600.0,7.3777589082278725
32695472,2200.0,7.696212639346407
32990203,2915.0,7.977625098784593
32695368,1875.0,7.536363938404511
32695433,1875.0,7.536363938404511
32695432,1500.0,7.313220387090301
32983737,1750.0,7.4673710669175595
32695409,2000.0,7.600902459542082
33443902,1650.0,7.408530566894626
32655916,2380.0,7.77485576666552
32695346,4320.0,8.371010681238156
32695350,2079.0,7.639642287858013
32695338,2160.0,7.67786350067821
32695329,1875.0,7.536363938404511
32986786,1665.0,7.417580402414544
32737964,1875.0,7.536363938404511
32737963,2079.0,7.639642287858013
33657860,1600.0,7.3777589082278725
33036324,1210.0,7.098375638590786
33036323,1200.0,7.090076835776092
32762682,1559.0,7.351799869057777
33150436,1300.0,7.170119543449628
32669095,2079.0,7.639642287858013
32695097,1665.0,7.417580402414544
32669094,2079.0,7.639642287858013
32695074,1665.0,7.417580402414544
32694897,1940.0,7.570443252057374
32695081,2499.0,7.823645930834952
33275065,1200.0,7.090076835776092
32694894,2700.0,7.90100705199242
33053657,1875.0,7.536363938404511
33051622,2079.0,7.639642287858013
32986785,1925.0,7.562681246721884
32984291,2079.0,7.639642287858013
33053656,3460.0,8.14902386805177
33046206,1200.0,7.090076835776092
33146677,1840.0,7.517520850603031
33176288,2100.0,7.649692623711514
32762681,1650.0,7.408530566894626
32737939,2079.0,7.639642287858013
33091371,2160.0,7.67786350067821
32737926,2079.0,7.639642287858013
32669088,2160.0,7.67786350067821
32737920,2705.0,7.902857191280582
32669086,1665.0,7.417580402414544
32737917,3125.0,8.047189562170502
32669085,2340.0,7.757906208351747
33051610,1769.0,7.478169694159785
33146667,1840.0,7.517520850603031
32695055,1875.0,7.536363938404511
32669083,1769.0,7.478169694159785
32669082,1875.0,7.536363938404511
33091369,2700.0,7.90100705199242
32778835,1590.0,7.371489295214277
32762675,2079.0,7.639642287858013
32695050,1455.0,7.282761179605593
32695049,1875.0,7.536363938404511
32737908,1940.0,7.570443252057374
33091368,3560.0,8.177515823846075
33146659,3240.0,8.083328608786376
32778834,2380.0,7.77485576666552
33146657,2160.0,7.67786350067821
32737902,2160.0,7.67786350067821
32984290,1559.0,7.351799869057777
32669075,2079.0,7.639642287858013
32695038,2079.0,7.639642287858013
32695037,1455.0,7.282761179605593
33146656,2079.0,7.639642287858013
32737898,1455.0,7.282761179605593
32695036,2079.0,7.639642287858013
32669072,2079.0,7.639642287858013
32737894,2160.0,7.67786350067821
32737893,2100.0,7.649692623711514
33046202,1500.0,7.313220387090301
33831842,3500.0,8.160518247477505
32990168,3100.0,8.039157390473237
32669071,7500.0,8.922658299524402
33146653,3900.0,8.268731832117737
32737892,1950.0,7.575584651557793
32669069,5950.0,8.691146498539675
32695031,8500.0,9.047821442478408
32669067,9950.0,9.205327830152639
33625183,3325.0,8.109224953089955
33760325,2200.0,7.696212639346407
32737891,2160.0,7.67786350067821
33176273,1800.0,7.495541943884256
33053650,3000.0,8.006367567650246
33051601,3435.0,8.14177220465645
32669064,5100.0,8.536995818712418
33625182,1799.0,7.4949862339505335
33244047,1200.0,7.090076835776092
32695010,2079.0,7.639642287858013
33177173,1250.0,7.1308988302963465
32737886,1300.0,7.170119543449628
32694993,1200.0,7.090076835776092
33051600,1600.0,7.3777589082278725
32972241,1200.0,7.090076835776092
32694989,1550.0,7.346010209913293
32669058,2340.0,7.757906208351747
32737880,1500.0,7.313220387090301
32669057,1590.0,7.371489295214277
33039220,1550.0,7.346010209913293
33143097,1015.0,6.922643891475888
32983733,2079.0,7.639642287858013
32669055,7500.0,8.922658299524402
33051589,7500.0,8.922658299524402
32778829,4500.0,8.411832675758411
32990167,4500.0,8.411832675758411
32655867,2160.0,7.67786350067821
32694975,2160.0,7.67786350067821
32694974,2590.0,7.859413154693583
32694973,2050.0,7.6255950721324535
32694970,1840.0,7.517520850603031
32669053,2160.0,7.67786350067821
32737874,2160.0,7.67786350067821
32669052,2160.0,7.67786350067821
32737873,2380.0,7.77485576666552
32655873,2380.0,7.77485576666552
32694965,1620.0,7.3901814282264295
32694964,2160.0,7.67786350067821
32694963,2380.0,7.77485576666552
32694961,1620.0,7.3901814282264295
32767820,1600.0,7.3777589082278725
32669050,2340.0,7.757906208351747
33244045,1769.0,7.478169694159785
33446674,4500.0,8.411832675758411
32694952,2340.0,7.757906208351747
33446673,5000.0,8.517193191416238
32865604,3800.0,8.242756345714477
32694950,2079.0,7.639642287858013
33051586,2079.0,7.639642287858013
33894589,1400.0,7.24422751560335
33894593,1800.0,7.495541943884256
33894555,1200.0,7.090076835776092
33894343,1850.0,7.52294091807237
33894217,2500.0,7.824046010856292
33894230,1550.0,7.346010209913293
33894206,2350.0,7.762170607138205
33891424,1600.0,7.3777589082278725
33894138,2350.0,7.762170607138205
33894210,1620.0,7.3901814282264295
33894075,1490.0,7.306531398939505
33894134,2350.0,7.762170607138205
33513874,2700.0,7.90100705199242
33893967,1800.0,7.495541943884256
33893877,1000.0,6.907755278982137
33893934,1450.0,7.27931883541462
33893933,2500.0,7.824046010856292
33893838,3000.0,8.006367567650246
33320705,1500.0,7.313220387090301
33893665,1800.0,7.495541943884256
33893690,1500.0,7.313220387090301
33893682,900.0,6.802394763324311
33893547,3400.0,8.131530710604252
33893469,1000.0,6.907755278982137
33893317,1100.0,7.003065458786462
33893304,15000.0,9.615805480084347
33892773,1650.0,7.408530566894626
33893290,2100.0,7.649692623711514
33893285,1500.0,7.313220387090301
33893222,1900.0,7.549609165154532
33893239,1650.0,7.408530566894626
33893121,1300.0,7.170119543449628
33601210,2500.0,7.824046010856292
30505697,1550.0,7.346010209913293
31355788,1200.0,7.090076835776092
33892496,2060.0,7.630461261783627
33892832,1250.0,7.1308988302963465
33892856,4800.0,8.476371196895983
33892814,1700.0,7.438383530044307
33892796,3500.0,8.160518247477505
33892492,2290.0,7.736307096548285
33841237,1300.0,7.170119543449628
33892719,1250.0,7.1308988302963465
33892656,1700.0,7.438383530044307
33892564,1326.0,7.189922170745808
33892561,7950.0,8.980927207648378
33883606,1950.0,7.575584651557793
33892488,9500.0,9.159047077588632
33892510,2250.0,7.718685495198466
33892502,3000.0,8.006367567650246
33892475,2199.0,7.695757990554761
33892437,2600.0,7.8632667240095735
32842324,1500.0,7.313220387090301
30958599,790.0,6.672032945461067
33892329,2900.0,7.9724660159745655
33892359,1300.0,7.170119543449628
33892348,1400.0,7.24422751560335
32846676,1200.0,7.090076835776092
33892303,1600.0,7.3777589082278725
33892294,1800.0,7.495541943884256
33892050,2100.0,7.649692623711514
33892000,2500.0,7.824046010856292
33891879,5000.0,8.517193191416238
33891956,1900.0,7.549609165154532
28754342,1000.0,6.907755278982137
33891920,1750.0,7.4673710669175595
33891849,1450.0,7.27931883541462
33891794,1800.0,7.495541943884256
33891743,1800.0,7.495541943884256
33883208,2000.0,7.600902459542082
33891414,1250.0,7.1308988302963465
33891437,2600.0,7.8632667240095735
33891329,2500.0,7.824046010856292
33891342,950.0,6.856461984594587
33891294,1290.0,7.162397497355718
33878098,950.0,6.856461984594587
33891246,1700.0,7.438383530044307
33891249,1200.0,7.090076835776092
33890162,1700.0,7.438383530044307
33811137,1350.0,7.2078598714324755
33891227,1900.0,7.549609165154532
33891129,1300.0,7.170119543449628
33890296,1000.0,6.907755278982137
33890239,4100.0,8.318742252692399
33890258,2450.0,7.803843303538772
33890245,2300.0,7.7406644019172415
33890243,1750.0,7.4673710669175595
33883206,1700.0,7.438383530044307
33883204,1500.0,7.313220387090301
33883193,2000.0,7.600902459542082
33883192,3400.0,8.131530710604252
33890215,1350.0,7.2078598714324755
33890196,1650.0,7.408530566894626
33890195,2000.0,7.600902459542082
33890192,1700.0,7.438383530044307
33235308,1650.0,7.408530566894626
33890128,1300.0,7.170119543449628
31959300,900.0,6.802394763324311
33890075,1100.0,7.003065458786462
32956784,1550.0,7.346010209913293
33890060,1800.0,7.495541943884256
33889938,5500.0,8.612503371220562
33889695,3500.0,8.160518247477505
33889865,1100.0,7.003065458786462
33889598,2177.0,7.685703061234547
33889591,1900.0,7.549609165154532
33889590,3360.0,8.11969625295725
33857881,1900.0,7.549609165154532
33889587,3000.0,8.006367567650246
33873673,4692.0,8.453614209773367
33889577,920.0,6.824373670043086
33889569,1300.0,7.170119543449628
33889568,1500.0,7.313220387090301
33889566,1500.0,7.313220387090301
33889560,1400.0,7.24422751560335
33847787,2760.0,7.9229859587111955
33886743,870.0,6.76849321164863
33889556,2423.0,7.792761720816526
33889552,4000.0,8.294049640102028
33889548,8000.0,8.987196820661973
33889516,3800.0,8.242756345714477
33904103,2200.0,7.696212639346407
33904121,1300.0,7.170119543449628
33904110,2500.0,7.824046010856292
33904022,2000.0,7.600902459542082
33903919,1500.0,7.313220387090301
33847123,1550.0,7.346010209913293
33903763,2000.0,7.600902459542082
33511410,1200.0,7.090076835776092
33903911,1200.0,7.090076835776092
33903886,2200.0,7.696212639346407
33903863,2500.0,7.824046010856292
33773178,1850.0,7.52294091807237
33903733,2500.0,7.824046010856292
33903698,1350.0,7.2078598714324755
33903628,950.0,6.856461984594587
31421176,1500.0,7.313220387090301
33903593,1900.0,7.549609165154532
33903657,1400.0,7.24422751560335
33903361,1500.0,7.313220387090301
33903337,950.0,6.856461984594587
33903329,1100.0,7.003065458786462
33903258,1200.0,7.090076835776092
32560409,5500.0,8.612503371220562
33903099,1000.0,6.907755278982137
33903110,2400.0,7.783224016336037
33903081,1900.0,7.549609165154532
33903071,1700.0,7.438383530044307
31681790,650.0,6.476972362889683
33776582,2600.0,7.8632667240095735
33886556,1200.0,7.090076835776092
33902858,1100.0,7.003065458786462
33902808,1400.0,7.24422751560335
33902822,1250.0,7.1308988302963465
33902806,1400.0,7.24422751560335
31674797,2170.0,7.682482446534506
33902763,1999.0,7.6004023345004
33781708,900.0,6.802394763324311
33902735,3500.0,8.160518247477505
33902734,1495.0,7.3098814858247865
33902658,1600.0,7.3777589082278725
33902638,1600.0,7.3777589082278725
33902571,1800.0,7.495541943884256
33902538,1700.0,7.438383530044307
33902535,3200.0,8.070906088787819
33902533,3900.0,8.268731832117737
33889502,1300.0,7.170119543449628
33875996,600.0,6.396929655216146
33902516,4200.0,8.34283980427146
33902486,1800.0,7.495541943884256
33902483,1450.0,7.27931883541462
33902482,2083.0,7.641564441260972
33902459,2500.0,7.824046010856292
33902404,10000.0,9.210340371976184
33902431,2650.0,7.882314918980268
33902240,2600.0,7.8632667240095735
33902221,2100.0,7.649692623711514
33902120,15000.0,9.615805480084347
33902153,1100.0,7.003065458786462
33902146,2200.0,7.696212639346407
30161649,2990.0,8.003028666384733
33902123,1750.0,7.4673710669175595
33853953,1100.0,7.003065458786462
33902116,1100.0,7.003065458786462
33902051,2500.0,7.824046010856292
33902043,2750.0,7.919356190660617
33890246,2700.0,7.90100705199242
33901878,1130.0,7.029972911706386
33901848,1500.0,7.313220387090301
33901863,2800.0,7.937374696163295
33381871,2250.0,7.718685495198466
33901751,1650.0,7.408530566894626
32684066,1600.0,7.3777589082278725
33901673,1500.0,7.313220387090301
33837930,850.0,6.745236349484363
33901634,1650.0,7.408530566894626
33901618,1800.0,7.495541943884256
33901556,1350.0,7.2078598714324755
33901568,3000.0,8.006367567650246
33901517,2750.0,7.919356190660617
33901399,1700.0,7.438383530044307
33901506,2800.0,7.937374696163295
33901479,1100.0,7.003065458786462
30981590,2200.0,7.696212639346407
33901392,1200.0,7.090076835776092
33901352,1600.0,7.3777589082278725
33877627,1700.0,7.438383530044307
33901313,1600.0,7.3777589082278725
33901332,1600.0,7.3777589082278725
33901283,1400.0,7.24422751560335
33901242,1750.0,7.4673710669175595
33901119,3100.0,8.039157390473237
33901121,2300.0,7.7406644019172415
33901076,1700.0,7.438383530044307
32620629,1500.0,7.313220387090301
33900879,1650.0,7.408530566894626
33900885,5700.0,8.648221453822641
33900806,1390.0,7.237059026124737
32144865,950.0,6.856461984594587
33900840,2500.0,7.824046010856292
33900821,1200.0,7.090076835776092
33512316,1750.0,7.4673710669175595
33900589,1350.0,7.2078598714324755
33900594,1190.0,7.081708586105575
33900777,1850.0,7.52294091807237
33900743,1900.0,7.549609165154532
33900734,2100.0,7.649692623711514
33900741,1950.0,7.575584651557793
33900680,2100.0,7.649692623711514
33748806,2500.0,7.824046010856292
33900555,1900.0,7.549609165154532
33900497,1550.0,7.346010209913293
33900495,2300.0,7.7406644019172415
33900437,1200.0,7.090076835776092
33900470,1600.0,7.3777589082278725
33900436,2000.0,7.600902459542082
33825060,3000.0,8.006367567650246
33900413,4000.0,8.294049640102028
33900403,2800.0,7.937374696163295
33900380,2200.0,7.696212639346407
33900163,2000.0,7.600902459542082
33147094,960.0,6.866933284461882
33900110,7500.0,8.922658299524402
33900052,1650.0,7.408530566894626
33860038,1288.0,7.160845906664299
33900015,3200.0,8.070906088787819
33900013,9000.0,9.104979856318357
33900012,3300.0,8.101677747454572
33899986,960.0,6.866933284461882
33899978,990.0,6.897704943128636
33899957,4224.0,8.348537825386098
33899928,2000.0,7.600902459542082
33899815,1000.0,6.907755278982137
33899868,1750.0,7.4673710669175595
33899788,1800.0,7.495541943884256
33899841,1150.0,7.047517221357296
33899803,800.0,6.684611727667927
33899782,2100.0,7.649692623711514
33899527,1700.0,7.438383530044307
33739962,2500.0,7.824046010856292
33899455,1950.0,7.575584651557793
33899418,1500.0,7.313220387090301
33899434,1500.0,7.313220387090301
33899226,1200.0,7.090076835776092
33899267,1650.0,7.408530566894626
33899159,1950.0,7.575584651557793
33898592,2000.0,7.600902459542082
33897479,5500.0,8.612503371220562
33899119,1750.0,7.4673710669175595
33898564,1250.0,7.1308988302963465
33898761,1350.0,7.2078598714324755
33898804,2000.0,7.600902459542082
33898913,1150.0,7.047517221357296
33898775,3600.0,8.1886891244442
33813662,2500.0,7.824046010856292
33898678,1850.0,7.52294091807237
33898674,1100.0,7.003065458786462
33898683,1700.0,7.438383530044307
33898663,1800.0,7.495541943884256
33898655,2500.0,7.824046010856292
33898617,3490.0,8.157657015196472
33894135,1900.0,7.549609165154532
33898477,3300.0,8.101677747454572
33898418,1150.0,7.047517221357296
33898573,900.0,6.802394763324311
33898559,1350.0,7.2078598714324755
33898580,1950.0,7.575584651557793
33898533,1870.0,7.533693709848633
33898491,1250.0,7.1308988302963465
33898416,1100.0,7.003065458786462
30715936,1200.0,7.090076835776092
33885253,1800.0,7.495541943884256
33898343,2100.0,7.649692623711514
33876625,2500.0,7.824046010856292
33898323,1850.0,7.52294091807237
33713868,2200.0,7.696212639346407
33898205,1600.0,7.3777589082278725
33665649,2200.0,7.696212639346407
33898180,1850.0,7.52294091807237
33103480,2000.0,7.600902459542082
33898115,850.0,6.745236349484363
33898017,1150.0,7.047517221357296
33897930,2250.0,7.718685495198466
33897833,2500.0,7.824046010856292
30900509,1750.0,7.4673710669175595
33897794,1490.0,7.306531398939505
33897780,1500.0,7.313220387090301
30374100,1800.0,7.495541943884256
33897730,1350.0,7.2078598714324755
33897673,1400.0,7.24422751560335
33897665,3500.0,8.160518247477505
33897617,1730.0,7.455876687491824
33897622,1750.0,7.4673710669175595
33897581,1590.0,7.371489295214277
33897593,2650.0,7.882314918980268
33863882,980.0,6.887552571664617
33897556,3000.0,8.006367567650246
33897515,1785.0,7.487173694213739
33520951,1200.0,7.090076835776092
33248185,1250.0,7.1308988302963465
32793409,4500.0,8.411832675758411
33877711,1350.0,7.2078598714324755
33876040,1730.0,7.455876687491824
33897253,2944.0,7.987524479848767
33897215,760.0,6.633318433280377
33892870,850.0,6.745236349484363
33897210,1200.0,7.090076835776092
33897150,4456.0,8.40200678160712
33897145,3122.0,8.046229101075378
33897115,5000.0,8.517193191416238
33897073,4580.0,8.429454277108231
33897008,2750.0,7.919356190660617
33553758,6500.0,8.779557455883728
33896858,2050.0,7.6255950721324535
33896870,1600.0,7.3777589082278725
33896861,1700.0,7.438383530044307
33896773,1850.0,7.52294091807237
33896741,5000.0,8.517193191416238
33896459,2300.0,7.7406644019172415
33928676,720.0,6.579251212010101
33928179,2400.0,7.783224016336037
33928004,1300.0,7.170119543449628
33926952,3360.0,8.11969625295725
33927611,1490.0,7.306531398939505
33927660,1860.0,7.528331766707247
33927561,1500.0,7.313220387090301
33927368,2800.0,7.937374696163295
33927159,1600.0,7.3777589082278725
33926618,3000.0,8.006367567650246
33887971,3690.0,8.213381737034572
33925695,2350.0,7.762170607138205
33925709,1900.0,7.549609165154532
33942691,1200.0,7.090076835776092
33942305,1350.0,7.2078598714324755
33942394,1800.0,7.495541943884256
33942370,2400.0,7.783224016336037
33942369,1800.0,7.495541943884256
33942366,2500.0,7.824046010856292
33942359,1300.0,7.170119543449628
33942358,2800.0,7.937374696163295
33942357,1600.0,7.3777589082278725
33942349,1065.0,6.970730078143525
33875907,2500.0,7.824046010856292
33877750,2743.0,7.916807490937603
33896998,2000.0,7.600902459542082
33886725,2883.0,7.9665866976384025
33883829,1900.0,7.549609165154532
33877752,1500.0,7.313220387090301
33881858,2800.0,7.937374696163295
33897203,1807.0,7.499423290592229
33875957,1985.0,7.59337419312129
33881777,1800.0,7.495541943884256
33881849,1800.0,7.495541943884256
33897082,1500.0,7.313220387090301
33877731,3500.0,8.160518247477505
33892845,1937.0,7.5688956634069955
33897041,3500.0,8.160518247477505
33897111,2316.0,7.7475968386928855
33881855,2200.0,7.696212639346407
33886688,1800.0,7.495541943884256
33897098,2148.0,7.672292455628756
33897016,2500.0,7.824046010856292
33875869,1900.0,7.549609165154532
33883894,950.0,6.856461984594587
33881848,2800.0,7.937374696163295
33881847,2600.0,7.8632667240095735
33877748,2800.0,7.937374696163295
33875890,2800.0,7.937374696163295
33875865,2800.0,7.937374696163295
33889509,4200.0,8.34283980427146
33883830,2500.0,7.824046010856292
33886689,4000.0,8.294049640102028
33883949,4500.0,8.411832675758411
33897060,1800.0,7.495541943884256
33883897,2800.0,7.937374696163295
33892842,1500.0,7.313220387090301
33897049,1900.0,7.549609165154532
33875767,2500.0,7.824046010856292
33897045,2800.0,7.937374696163295
33897037,2500.0,7.824046010856292
33881846,2800.0,7.937374696163295
33881873,1800.0,7.495541943884256
33941143,1900.0,7.549609165154532
33942279,1700.0,7.438383530044307
33942289,1300.0,7.170119543449628
33942261,1200.0,7.090076835776092
33942288,2300.0,7.7406644019172415
33924478,1600.0,7.3777589082278725
33942210,1975.0,7.5883236773352225
33924452,1750.0,7.4673710669175595
33942207,3000.0,8.006367567650246
33942171,1800.0,7.495541943884256
33942135,1600.0,7.3777589082278725
33942134,1350.0,7.2078598714324755
33942057,1975.0,7.5883236773352225
33942041,1780.0,7.484368643286131
32656488,1500.0,7.313220387090301
33939528,2500.0,7.824046010856292
33824298,5500.0,8.612503371220562
33848979,1800.0,7.495541943884256
33608334,1550.0,7.346010209913293
33941904,6000.0,8.699514748210191
33941872,3300.0,8.101677747454572
33941704,2800.0,7.937374696163295
32975940,1300.0,7.170119543449628
33941755,1600.0,7.3777589082278725
33941592,1550.0,7.346010209913293
33941632,1860.0,7.528331766707247
32943463,1600.0,7.3777589082278725
33941586,2200.0,7.696212639346407
33804516,1400.0,7.24422751560335
33941497,1020.0,6.927557906278317
33941271,3970.0,8.286521373681236
31294727,1300.0,7.170119543449628
33941096,1800.0,7.495541943884256
33791799,1900.0,7.549609165154532
33495122,900.0,6.802394763324311
33941007,3800.0,8.242756345714477
33940952,10000.0,9.210340371976184
30024185,1100.0,7.003065458786462
33940724,1500.0,7.313220387090301
33940798,1750.0,7.4673710669175595
33940469,1200.0,7.090076835776092
33940665,1300.0,7.170119543449628
33940662,6500.0,8.779557455883728
33940661,1800.0,7.495541943884256
33940582,2200.0,7.696212639346407
33940496,3500.0,8.160518247477505
33940527,1400.0,7.24422751560335
33940522,1050.0,6.956545443151569
33940485,1800.0,7.495541943884256
33940432,6000.0,8.699514748210191
32792279,4500.0,8.411832675758411
33940316,900.0,6.802394763324311
33940315,740.0,6.606650186198215
33938936,2250.0,7.718685495198466
33940301,1850.0,7.52294091807237
33940302,2100.0,7.649692623711514
33939821,2791.0,7.934155233536322
33939784,2800.0,7.937374696163295
33939696,3600.0,8.1886891244442
33939693,1600.0,7.3777589082278725
33939692,2200.0,7.696212639346407
33939604,2500.0,7.824046010856292
33939618,1800.0,7.495541943884256
33939591,1395.0,7.240649694255466
33922494,1800.0,7.495541943884256
33927346,2500.0,7.824046010856292
33939420,1700.0,7.438383530044307
33939417,1700.0,7.438383530044307
33939385,1300.0,7.170119543449628
33939361,1720.0,7.450079569807499
33833408,1700.0,7.438383530044307
33883076,1500.0,7.313220387090301
33936499,3285.0,8.09712193091871
33939228,1400.0,7.24422751560335
33939133,1250.0,7.1308988302963465
33939129,2600.0,7.8632667240095735
33939095,2300.0,7.7406644019172415
33939091,1500.0,7.313220387090301
33939015,1500.0,7.313220387090301
33939002,1500.0,7.313220387090301
33938950,1600.0,7.3777589082278725
33938923,2100.0,7.649692623711514
33938914,2300.0,7.7406644019172415
32647518,1700.0,7.438383530044307
33938861,1950.0,7.575584651557793
32030430,3750.0,8.229511118964457
33938853,1600.0,7.3777589082278725
33938737,2300.0,7.7406644019172415
33938500,1100.0,7.003065458786462
33873698,1300.0,7.170119543449628
33938452,4000.0,8.294049640102028
33938435,1350.0,7.2078598714324755
33938441,1500.0,7.313220387090301
33938299,1600.0,7.3777589082278725
33938223,2600.0,7.8632667240095735
33903345,1100.0,7.003065458786462
33938148,1550.0,7.346010209913293
33938102,2600.0,7.8632667240095735
33938123,2000.0,7.600902459542082
33938121,1700.0,7.438383530044307
33938095,3000.0,8.006367567650246
33938062,1250.0,7.1308988302963465
33934903,2675.0,7.891704659330107
33937148,2500.0,7.824046010856292
33937124,2500.0,7.824046010856292
33938019,1200.0,7.090076835776092
33937743,3000.0,8.006367567650246
32367810,1350.0,7.2078598714324755
33937780,1400.0,7.24422751560335
33906425,1100.0,7.003065458786462
33935271,2800.0,7.937374696163295
33933025,3250.0,8.086410275323782
33937494,1850.0,7.52294091807237
33778362,1300.0,7.170119543449628
33937429,1100.0,7.003065458786462
33937458,3000.0,8.006367567650246
33915516,1500.0,7.313220387090301
33937418,2150.0,7.673223121121708
33937292,2250.0,7.718685495198466
33741390,6500.0,8.779557455883728
33937220,1400.0,7.24422751560335
33937237,1120.0,7.02108396428914
33887539,1600.0,7.3777589082278725
33937049,1750.0,7.4673710669175595
33937033,1400.0,7.24422751560335
33937024,1800.0,7.495541943884256
33936862,975.0,6.882437470997847
33936847,1100.0,7.003065458786462
33936811,1750.0,7.4673710669175595
33936684,1050.0,6.956545443151569
33936690,1250.0,7.1308988302963465
33936620,5150.0,8.546751993657782
33936474,2400.0,7.783224016336037
33936509,1750.0,7.4673710669175595
33936491,1300.0,7.170119543449628
33625968,1200.0,7.090076835776092
33936264,1000.0,6.907755278982137
33926748,1200.0,7.090076835776092
33936170,1800.0,7.495541943884256
33936182,1150.0,7.047517221357296
33936080,1500.0,7.313220387090301
33935982,2500.0,7.824046010856292
33935824,1700.0,7.438383530044307
33935778,2500.0,7.824046010856292
33935767,1975.0,7.5883236773352225
33847883,2650.0,7.882314918980268
33935644,3350.0,8.116715624819111
33935562,1195.0,7.085901464365611
33935561,3250.0,8.086410275323782
33935544,4150.0,8.330863613224745
33586801,1800.0,7.495541943884256
33935448,2800.0,7.937374696163295
33173761,2700.0,7.90100705199242
33935412,2800.0,7.937374696163295
33935389,1800.0,7.495541943884256
33935364,1950.0,7.575584651557793
33935339,2000.0,7.600902459542082
33935313,1500.0,7.313220387090301
33935235,4200.0,8.34283980427146
33935165,2100.0,7.649692623711514
33935133,1300.0,7.170119543449628
33935144,1500.0,7.313220387090301
33935130,3000.0,8.006367567650246
33935092,2500.0,7.824046010856292
33935054,1700.0,7.438383530044307
33934970,1200.0,7.090076835776092
33934820,1350.0,7.2078598714324755
33934630,3250.0,8.086410275323782
33934576,3000.0,8.006367567650246
33934567,1090.0,6.993932975223189
33934540,2200.0,7.696212639346407
33934539,2400.0,7.783224016336037
33934538,2200.0,7.696212639346407
33852009,3300.0,8.101677747454572
33934463,3500.0,8.160518247477505
33934453,2850.0,7.955074273262696
33934416,1935.0,7.5678626054638825
33933889,1600.0,7.3777589082278725
33934354,1600.0,7.3777589082278725
33934316,1200.0,7.090076835776092
33934307,3250.0,8.086410275323782
33934226,4000.0,8.294049640102028
33934249,1300.0,7.170119543449628
33934126,1650.0,7.408530566894626
33933989,2000.0,7.600902459542082
33933963,1500.0,7.313220387090301
33933885,1400.0,7.24422751560335
33933881,1200.0,7.090076835776092
33933842,2800.0,7.937374696163295
33933656,2800.0,7.937374696163295
33933452,1950.0,7.575584651557793
33933621,1100.0,7.003065458786462
33933387,4500.0,8.411832675758411
33933118,2000.0,7.600902459542082
33933273,1350.0,7.2078598714324755
33933245,2600.0,7.8632667240095735
33891386,4000.0,8.294049640102028
33933166,1200.0,7.090076835776092
33933057,2800.0,7.937374696163295
33933127,1900.0,7.549609165154532
33932990,2300.0,7.7406644019172415
33933005,1800.0,7.495541943884256
33933001,1500.0,7.313220387090301
33932947,1900.0,7.549609165154532
33932932,1900.0,7.549609165154532
33861529,3600.0,8.1886891244442
33932842,1700.0,7.438383530044307
33932734,1600.0,7.3777589082278725
33932776,1750.0,7.4673710669175595
32701854,1800.0,7.495541943884256
33932496,1800.0,7.495541943884256
33932509,3450.0,8.146129510025405
33932497,1750.0,7.4673710669175595
33932486,1480.0,7.299797366758161
33932406,2500.0,7.824046010856292
33932420,3900.0,8.268731832117737
33932287,1685.0,7.429520842786462
33932048,950.0,6.856461984594587
33931964,2300.0,7.7406644019172415
33931963,3600.0,8.1886891244442
33931960,1050.0,6.956545443151569
33931955,1050.0,6.956545443151569
33931954,1391.0,7.237778191923443
33931940,2600.0,7.8632667240095735
33931939,2800.0,7.937374696163295
33931937,2200.0,7.696212639346407
33931936,3400.0,8.131530710604252
33931935,2200.0,7.696212639346407
33931931,1750.0,7.4673710669175595
33931924,6910.0,8.840724916761715
33931907,1500.0,7.313220387090301
33931869,2200.0,7.696212639346407
33931747,2600.0,7.8632667240095735
33931396,1500.0,7.313220387090301
33931619,1700.0,7.438383530044307
33931629,2500.0,7.824046010856292
33931591,1950.0,7.575584651557793
33928768,1300.0,7.170119543449628
33931570,1900.0,7.549609165154532
33931376,3500.0,8.160518247477505
33931512,1900.0,7.549609165154532
33931500,2249.0,7.718240951959316
33931499,1650.0,7.408530566894626
33931478,1400.0,7.24422751560335
33931475,1350.0,7.2078598714324755
33931455,2750.0,7.919356190660617
33931451,3100.0,8.039157390473237
33848852,1700.0,7.438383530044307
33930977,2250.0,7.718685495198466
33930865,2350.0,7.762170607138205
33930896,2300.0,7.7406644019172415
31919234,2300.0,7.7406644019172415
33930893,2300.0,7.7406644019172415
33930879,1200.0,7.090076835776092
33930871,1600.0,7.3777589082278725
33923091,3000.0,8.006367567650246
33930785,799.0,6.683360945766275
33508315,6000.0,8.699514748210191
30854318,2200.0,7.696212639346407
33681567,11000.0,9.305650551780507
33925873,12500.0,9.433483923290392
33930758,1300.0,7.170119543449628
33930604,2500.0,7.824046010856292
33930564,1400.0,7.24422751560335
33930566,1425.0,7.261927092702751
33930478,2200.0,7.696212639346407
32703229,950.0,6.856461984594587
33930378,2150.0,7.673223121121708
33930320,2700.0,7.90100705199242
33930214,1150.0,7.047517221357296
33930208,1150.0,7.047517221357296
33919672,11000.0,9.305650551780507
33930203,4500.0,8.411832675758411
33930194,1200.0,7.090076835776092
33930124,2600.0,7.8632667240095735
33930015,1500.0,7.313220387090301
33930042,1300.0,7.170119543449628
33930031,3600.0,8.1886891244442
33929997,1400.0,7.24422751560335
33929960,950.0,6.856461984594587
32716058,1450.0,7.27931883541462
33929934,6300.0,8.748304912379623
33929804,1400.0,7.24422751560335
33929868,2150.0,7.673223121121708
33929785,3970.0,8.286521373681236
33929719,2800.0,7.937374696163295
33929596,1600.0,7.3777589082278725
33928456,2400.0,7.783224016336037
33929455,1550.0,7.346010209913293
33929528,1780.0,7.484368643286131
33929316,980.0,6.887552571664617
33929249,1200.0,7.090076835776092
33929209,1800.0,7.495541943884256
33929205,3950.0,8.281470857895167
33929160,1300.0,7.170119543449628
33929003,1200.0,7.090076835776092
33929084,1950.0,7.575584651557793
33929016,25000.0,10.126631103850338
33438708,12500.0,9.433483923290392
33929051,1564.0,7.355001921105257
33929044,3000.0,8.006367567650246
33929039,1295.0,7.166265974133638
33929027,1600.0,7.3777589082278725
33928834,1900.0,7.549609165154532
33928745,1500.0,7.313220387090301
33928723,3900.0,8.268731832117737
33928706,1400.0,7.24422751560335
33928648,1300.0,7.170119543449628
33928571,3800.0,8.242756345714477
33928340,2190.0,7.691656822810547
33928242,3000.0,8.006367567650246
33928241,5500.0,8.612503371220562
33928203,1400.0,7.24422751560335
33928155,2400.0,7.783224016336037
33928210,2900.0,7.9724660159745655
33928197,2290.0,7.736307096548285
33928181,1450.0,7.27931883541462
33928161,1375.0,7.226209010100671
33928150,3500.0,8.160518247477505
33928170,2300.0,7.7406644019172415
33928095,1800.0,7.495541943884256
33928167,1650.0,7.408530566894626
33928141,1250.0,7.1308988302963465
33883510,1850.0,7.52294091807237
33927991,2300.0,7.7406644019172415
33927985,1700.0,7.438383530044307
33927964,1150.0,7.047517221357296
33927960,1950.0,7.575584651557793
33927896,5000.0,8.517193191416238
32292171,2500.0,7.824046010856292
33925240,7000.0,8.85366542803745
33927650,2000.0,7.600902459542082
33927589,1000.0,6.907755278982137
33927566,1600.0,7.3777589082278725
33927464,1300.0,7.170119543449628
33927425,1250.0,7.1308988302963465
33927448,2500.0,7.824046010856292
33927410,1600.0,7.3777589082278725
33912800,1300.0,7.170119543449628
33927266,2050.0,7.6255950721324535
33927136,1400.0,7.24422751560335
33926936,1050.0,6.956545443151569
33926921,1350.0,7.2078598714324755
33926920,3072.0,8.030084094267563
33926908,1005.0,6.912742820493176
33926895,6910.0,8.840724916761715
33926702,1850.0,7.52294091807237
33064174,15000.0,9.615805480084347
33621758,2000.0,7.600902459542082
33926515,1850.0,7.52294091807237
33926406,2650.0,7.882314918980268
33926381,1250.0,7.1308988302963465
32017427,1000.0,6.907755278982137
33476524,3500.0,8.160518247477505
33813776,1800.0,7.495541943884256
33926346,1900.0,7.549609165154532
33864935,3300.0,8.101677747454572
33864934,2800.0,7.937374696163295
33926273,1600.0,7.3777589082278725
33926173,1100.0,7.003065458786462
33926126,2950.0,7.989560449333865
33926018,5000.0,8.517193191416238
33925896,1900.0,7.549609165154532
33925982,1700.0,7.438383530044307
33925980,2500.0,7.824046010856292
33925664,1400.0,7.24422751560335
33925685,3400.0,8.131530710604252
33925613,1600.0,7.3777589082278725
33925619,1325.0,7.1891677384203225
33908685,1800.0,7.495541943884256
33925474,1325.0,7.1891677384203225
33925135,4200.0,8.34283980427146
33925222,3500.0,8.160518247477505
33925223,3800.0,8.242756345714477
33925151,4500.0,8.411832675758411
33925134,7000.0,8.85366542803745
33925251,2300.0,7.7406644019172415
33925241,2600.0,7.8632667240095735
33925252,2400.0,7.783224016336037
33925214,2500.0,7.824046010856292
33925435,1550.0,7.346010209913293
33925152,1950.0,7.575584651557793
33925227,1900.0,7.549609165154532
33925205,2000.0,7.600902459542082
33925148,2950.0,7.989560449333865
33925181,1100.0,7.003065458786462
33925167,1600.0,7.3777589082278725
33925044,2850.0,7.955074273262696
33924079,1650.0,7.408530566894626
33925010,2300.0,7.7406644019172415
33924998,3100.0,8.039157390473237
33744271,1350.0,7.2078598714324755
33924948,5450.0,8.60337088765729
33924929,2800.0,7.937374696163295
33924895,1450.0,7.27931883541462
33924947,1620.0,7.3901814282264295
33924896,4285.0,8.36287583103188
33924894,2900.0,7.9724660159745655
33924941,1550.0,7.346010209913293
33924917,2000.0,7.600902459542082
33924878,1900.0,7.549609165154532
33924868,1100.0,7.003065458786462
33762213,1300.0,7.170119543449628
33841952,1800.0,7.495541943884256
32399193,1490.0,7.306531398939505
33924466,1750.0,7.4673710669175595
33924416,1200.0,7.090076835776092
33924397,1350.0,7.2078598714324755
33347099,1100.0,7.003065458786462
33924194,3250.0,8.086410275323782
33924247,1115.0,7.016609683894219
33924236,1350.0,7.2078598714324755
33924235,3000.0,8.006367567650246
33924225,1500.0,7.313220387090301
33924224,1400.0,7.24422751560335
33924116,8000.0,8.987196820661973
33924054,1400.0,7.24422751560335
33924129,1250.0,7.1308988302963465
33924112,1750.0,7.4673710669175595
33924099,3000.0,8.006367567650246
31912320,1100.0,7.003065458786462
33923887,1150.0,7.047517221357296
33923688,2500.0,7.824046010856292
33923811,3600.0,8.1886891244442
33918298,770.0,6.646390514847729
33918271,1390.0,7.237059026124737
33923840,3250.0,8.086410275323782
33923771,1200.0,7.090076835776092
33923715,1750.0,7.4673710669175595
33923689,2750.0,7.919356190660617
33923478,2200.0,7.696212639346407
33923717,2150.0,7.673223121121708
33923683,1600.0,7.3777589082278725
33923677,1450.0,7.27931883541462
33916690,2400.0,7.783224016336037
33596240,1250.0,7.1308988302963465
33923498,3900.0,8.268731832117737
33923047,2000.0,7.600902459542082
33923374,1500.0,7.313220387090301
33923339,1800.0,7.495541943884256
33923327,1200.0,7.090076835776092
33923295,1800.0,7.495541943884256
33923272,2600.0,7.8632667240095735
33923278,1650.0,7.408530566894626
33923214,2200.0,7.696212639346407
33923183,2100.0,7.649692623711514
33923146,3000.0,8.006367567650246
33923081,7000.0,8.85366542803745
33922988,4150.0,8.330863613224745
33922511,1200.0,7.090076835776092
33923011,1850.0,7.52294091807237
33923021,1890.0,7.5443321080536885
33922990,1575.0,7.362010551259734
33922924,1450.0,7.27931883541462
33922848,1600.0,7.3777589082278725
33922793,2900.0,7.9724660159745655
33922765,1850.0,7.52294091807237
33922744,4000.0,8.294049640102028
33922719,3000.0,8.006367567650246
33921401,1500.0,7.313220387090301
33921325,1500.0,7.313220387090301
33921372,1500.0,7.313220387090301
33921363,1480.0,7.299797366758161
33921397,1450.0,7.27931883541462
33921371,1450.0,7.27931883541462
33921385,1420.0,7.258412150595307
33921394,1400.0,7.24422751560335
33921360,1400.0,7.24422751560335
33921387,1400.0,7.24422751560335
33921378,1400.0,7.24422751560335
33921391,1300.0,7.170119543449628
33921359,1400.0,7.24422751560335
33921336,1350.0,7.2078598714324755
33921355,1350.0,7.2078598714324755
33921354,1350.0,7.2078598714324755
33921322,1350.0,7.2078598714324755
33921343,1300.0,7.170119543449628
33921347,1300.0,7.170119543449628
33921316,1300.0,7.170119543449628
33921338,1290.0,7.162397497355718
33921315,1250.0,7.1308988302963465
33921327,1250.0,7.1308988302963465
33921311,1100.0,7.003065458786462
33921312,1250.0,7.1308988302963465
33921276,1249.0,7.130098510125578
33921299,1200.0,7.090076835776092
33921296,1200.0,7.090076835776092
33921292,1200.0,7.090076835776092
33921290,1200.0,7.090076835776092
33921254,1200.0,7.090076835776092
33921260,1100.0,7.003065458786462
33921251,1100.0,7.003065458786462
33921277,1100.0,7.003065458786462
33921216,1100.0,7.003065458786462
33921259,1100.0,7.003065458786462
33921233,1090.0,6.993932975223189
33921239,1000.0,6.907755278982137
33921227,980.0,6.887552571664617
33921172,950.0,6.856461984594587
33921134,800.0,6.684611727667927
33921093,760.0,6.633318433280377
33921080,800.0,6.684611727667927
33922460,1200.0,7.090076835776092
33922505,3600.0,8.1886891244442
33919888,2100.0,7.649692623711514
33922461,2800.0,7.937374696163295
33080204,1280.0,7.154615356913663
33922530,3500.0,8.160518247477505
33922415,2249.0,7.718240951959316
31584654,1200.0,7.090076835776092
33922367,1550.0,7.346010209913293
33868027,1450.0,7.27931883541462
33922319,2900.0,7.9724660159745655
32018571,1100.0,7.003065458786462
33921404,1500.0,7.313220387090301
33921374,1500.0,7.313220387090301
33921414,1500.0,7.313220387090301
33921366,1500.0,7.313220387090301
33921448,1525.0,7.329749689041512
33921457,1550.0,7.346010209913293
33921459,1575.0,7.362010551259734
33921460,1575.0,7.362010551259734
33921429,1575.0,7.362010551259734
33921468,1575.0,7.362010551259734
33921430,1600.0,7.3777589082278725
33921465,1600.0,7.3777589082278725
33921466,1600.0,7.3777589082278725
33921440,1600.0,7.3777589082278725
33921433,1620.0,7.3901814282264295
33921444,1620.0,7.3901814282264295
33921451,1685.0,7.429520842786462
33921480,1700.0,7.438383530044307
33921422,1700.0,7.438383530044307
33921481,1700.0,7.438383530044307
33921487,1700.0,7.438383530044307
33921434,1700.0,7.438383530044307
33921488,1700.0,7.438383530044307
33921489,1700.0,7.438383530044307
33921456,1700.0,7.438383530044307
33921491,1725.0,7.45298232946546
33921497,1745.0,7.4645098346365275
33921424,1750.0,7.4673710669175595
33921425,1750.0,7.4673710669175595
33921494,1780.0,7.484368643286131
33921496,1800.0,7.495541943884256
33921507,1800.0,7.495541943884256
33921508,1800.0,7.495541943884256
33921509,1800.0,7.495541943884256
33921520,1800.0,7.495541943884256
33921510,1800.0,7.495541943884256
33921484,1800.0,7.495541943884256
33921503,1800.0,7.495541943884256
33921505,1825.0,7.509335266016592
33921485,1850.0,7.52294091807237
33921486,1850.0,7.52294091807237
33921506,1875.0,7.536363938404511
33921527,1875.0,7.536363938404511
33921472,1900.0,7.549609165154532
33921548,1940.0,7.570443252057374
33921531,1950.0,7.575584651557793
33921522,1950.0,7.575584651557793
33921532,1950.0,7.575584651557793
33921523,1950.0,7.575584651557793
33921514,1800.0,7.495541943884256
33921524,1950.0,7.575584651557793
33921538,1950.0,7.575584651557793
33921534,1950.0,7.575584651557793
33921515,1975.0,7.5883236773352225
33921516,2000.0,7.600902459542082
33921535,2000.0,7.600902459542082
33921536,2000.0,7.600902459542082
33921567,2000.0,7.600902459542082
33921568,2000.0,7.600902459542082
33921570,1850.0,7.52294091807237
33921558,2000.0,7.600902459542082
33921473,2000.0,7.600902459542082
33921474,2000.0,7.600902459542082
33921525,2079.0,7.639642287858013
33921576,2100.0,7.649692623711514
33921562,2100.0,7.649692623711514
33921588,2160.0,7.67786350067821
33921526,2160.0,7.67786350067821
33921564,2200.0,7.696212639346407
33921566,2200.0,7.696212639346407
33922269,2100.0,7.649692623711514
33921592,2250.0,7.718685495198466
33921595,2350.0,7.762170607138205
33921609,2350.0,7.762170607138205
33921602,2375.0,7.772752716468742
33921610,2400.0,7.783224016336037
33921611,2400.0,7.783224016336037
33921612,2400.0,7.783224016336037
33921582,2450.0,7.803843303538772
33921614,2500.0,7.824046010856292
33921604,2500.0,7.824046010856292
33921615,2500.0,7.824046010856292
33921616,2500.0,7.824046010856292
33921618,2500.0,7.824046010856292
33921620,2500.0,7.824046010856292
33921621,2500.0,7.824046010856292
33921622,2500.0,7.824046010856292
33921584,2599.0,7.8628820346414905
33921623,2650.0,7.882314918980268
33921586,2730.0,7.912056888179006
33921638,2750.0,7.919356190660617
33921630,2800.0,7.937374696163295
33921625,2800.0,7.937374696163295
33921631,2800.0,7.937374696163295
33921648,2850.0,7.955074273262696
33921657,2850.0,7.955074273262696
33921658,2855.0,7.956827122090111
33921659,2975.0,7.99799931797973
33921660,3000.0,8.006367567650246
33921650,3000.0,8.006367567650246
33921663,3000.0,8.006367567650246
33921544,3000.0,8.006367567650246
33921664,3000.0,8.006367567650246
33921654,3000.0,8.006367567650246
33921633,3000.0,8.006367567650246
33921545,3000.0,8.006367567650246
33921665,3000.0,8.006367567650246
33921634,3000.0,8.006367567650246
33921667,3000.0,8.006367567650246
33921635,3067.0,8.028455164114252
33921640,3200.0,8.070906088787819
33921677,3250.0,8.086410275323782
33921678,3300.0,8.101677747454572
33921636,3478.0,8.154212694914229
33921687,3500.0,8.160518247477505
33921680,3500.0,8.160518247477505
33921697,3500.0,8.160518247477505
33921669,3500.0,8.160518247477505
33921683,3500.0,8.160518247477505
33921682,3500.0,8.160518247477505
33921701,3591.0,8.186185994226083
33921685,3750.0,8.229511118964457
33921707,3900.0,8.268731832117737
33921688,4000.0,8.294049640102028
33921556,4000.0,8.294049640102028
33921717,4000.0,8.294049640102028
33921641,4000.0,8.294049640102028
33921642,4000.0,8.294049640102028
33921689,4740.0,8.463792414689122
33921690,5000.0,8.517193191416238
33921702,5000.0,8.517193191416238
33921643,5280.0,8.571681376700306
33921691,5280.0,8.571681376700306
33921703,5550.0,8.62155320674048
33921718,5550.0,8.62155320674048
33921674,5850.0,8.674196940225903
33921644,5850.0,8.674196940225903
33921711,6000.0,8.699514748210191
